category,total_checkins
Restaurants,9261280.0
Food,4028818.0
Nightlife,2936750.0
Bars,2668841.0
Shopping,1753826.0
American (Traditional),1714648.0
American (New),1687526.0
Arts & Entertainment,1565138.0
Event Planning & Services,1498563.0
Breakfast & Brunch,1468417.0
Hotels & Travel,1450013.0
Coffee & Tea,1181215.0
Sandwiches,1063497.0
Active Life,1022778.0
Hotels,904686.0
Mexican,898880.0
Burgers,895109.0
Pizza,772072.0
Casinos,746857.0
Japanese,667736.0
Fast Food,658027.0
Beauty & Spas,653220.0
Seafood,651755.0
Grocery,650406.0
Italian,650183.0
Fashion,578951.0
Desserts,561150.0
Sushi Bars,556971.0
Fitness & Instruction,553460.0
Asian Fusion,513007.0
Salad,511578.0
Chinese,509174.0
Specialty Food,501397.0
Sports Bars,498081.0
Cafes,493945.0
Pubs,457791.0
Gyms,456664.0
Steakhouses,448867.0
Beer,446850.0
Wine & Spirits,446850.0
Bakeries,439666.0
Airports,385609.0
Automotive,384829.0
Lounges,382333.0
Resorts,358566.0
Venues & Event Spaces,351874.0
Department Stores,346961.0
Wine Bars,335298.0
Barbeque,329667.0
Trainers,326728.0
Cocktail Bars,323554.0
Health & Medical,316784.0
Vegetarian,315448.0
Shopping Centers,305831.0
Ice Cream & Frozen Yogurt,303044.0
Juice Bars & Smoothies,302261.0
Drugstores,276132.0
Thai,260938.0
Buffets,260267.0
Caterers,252847.0
Mediterranean,252660.0
Chicken Wings,252390.0
Music Venues,249632.0
Delis,233618.0
Diners,229030.0
Local Services,215702.0
Home & Garden,214854.0
Vietnamese,211317.0
Day Spas,211068.0
Home Services,209384.0
Vegan,208685.0
Breweries,203842.0
Gluten-Free,202992.0
Soup,196773.0
Gastropubs,189461.0
Korean,176185.0
Hair Salons,171669.0
Dance Clubs,170623.0
French,163585.0
Yoga,162444.0
Convenience Stores,161666.0
Public Services & Government,160831.0
Nail Salons,158189.0
Local Flavor,155893.0
Education,150036.0
Women's Clothing,149440.0
Parks,147636.0
Tex-Mex,147189.0
Gas Stations,146686.0
Cinema,144611.0
Greek,144428.0
Noodles,143605.0
Bubble Tea,141325.0
Performing Arts,135762.0
Tapas/Small Plates,134627.0
Hawaiian,132783.0
Flowers & Gifts,132318.0
Hair Removal,129265.0
Sports Clubs,127108.0
Health Markets,124350.0
Bagels,123519.0
Comfort Food,120867.0
Southern,118451.0
Skin Care,114852.0
Real Estate,114067.0
Men's Clothing,112254.0
Ethnic Food,110593.0
Beer Bar,109412.0
Canadian (New),107626.0
Discount Store,105150.0
Cosmetics & Beauty Supply,102856.0
Middle Eastern,102818.0
Auto Repair,102727.0
Electronics,102603.0
Dive Bars,97484.0
Home Decor,97256.0
Pets,96428.0
Ramen,96180.0
Indian,95375.0
Donuts,94143.0
Tapas Bars,91659.0
Stadiums & Arenas,90287.0
Doctors,89514.0
Food Delivery Services,89289.0
Mobile Phones,89193.0
Taiwanese,88237.0
Massage,87860.0
Transportation,87273.0
Hot Dogs,86534.0
Latin American,85214.0
Sporting Goods,80291.0
Waxing,79680.0
Shoe Stores,79388.0
Outlet Stores,77973.0
Farmers Market,77241.0
Dim Sum,72138.0
Florists,71915.0
Tea Rooms,71826.0
Car Wash,71484.0
Cajun/Creole,71053.0
Irish,69119.0
Pilates,68543.0
Wholesale Stores,68093.0
Colleges & Universities,66416.0
Music & Video,66253.0
Mags,66253.0
Books,66253.0
Golf,65502.0
Apartments,65344.0
Pet Services,65217.0
Eyelash Service,63467.0
Museums,63263.0
Accessories,63215.0
Furniture Stores,62215.0
Financial Services,61638.0
Karaoke,61218.0
Adult Entertainment,60697.0
British,60577.0
Car Dealers,59915.0
Amusement Parks,59130.0
Boot Camps,58456.0
Oil Change Stations,58298.0
Landmarks & Historical Buildings,58064.0
Hardware Stores,57240.0
Swimming Pools,56839.0
Fruits & Veggies,56793.0
Party & Event Planning,54099.0
Medical Centers,53977.0
Organic Stores,53130.0
Banks & Credit Unions,52936.0
Professional Services,52610.0
Arts & Crafts,50689.0
Arcades,50182.0
Appliances,50156.0
Pet Groomers,49865.0
Food Trucks,49860.0
Tobacco Shops,49497.0
Massage Therapy,48697.0
Tacos,47287.0
Barbers,46285.0
Tires,46211.0
Auto Parts & Supplies,45870.0
Chocolatiers & Shops,45761.0
Creperies,45726.0
Chicken Shop,45464.0
Pet Stores,45262.0
Shaved Ice,44814.0
Nurseries & Gardening,44683.0
Soul Food,44020.0
Photography Stores & Services,43492.0
Jewelry,42993.0
Religious Organizations,42469.0
Hospitals,42260.0
Specialty Schools,42103.0
Poke,41561.0
Filipino,41323.0
Airlines,41322.0
Halal,40549.0
IT Services & Computer Repair,40446.0
Caribbean,40352.0
Wraps,39874.0
Spanish,39357.0
Building Supplies,39285.0
Art Galleries,38974.0
Shipping Centers,38788.0
Sports Wear,38674.0
Cantonese,38354.0
Computers,37965.0
Meat Shops,37478.0
Beer Gardens,37200.0
Churches,36863.0
Hobby Shops,36848.0
Bowling,36847.0
New Mexican Cuisine,35350.0
Hair Stylists,35239.0
Playgrounds,35057.0
Seafood Markets,34647.0
Cupcakes,34470.0
Dentists,34035.0
Libraries,33949.0
Kitchen & Bath,33363.0
German,33269.0
Gelato,32765.0
Imported Food,32283.0
Bookstores,32206.0
Tanning,32042.0
Public Transportation,31978.0
Hiking,31928.0
Fish & Chips,31813.0
Candy Stores,31645.0
Auto Detailing,31501.0
Recreation Centers,30977.0
Pet Sitting,30534.0
Weight Loss Centers,29367.0
Toy Stores,29367.0
Food Stands,28627.0
Child Care & Day Care,27885.0
Irish Pub,27817.0
Pakistani,27762.0
Veterinarians,27756.0
Pet Training,27426.0
General Dentistry,27306.0
Cheesesteaks,27214.0
Waffles,26574.0
Festivals,26536.0
Community Service/Non-Profit,26532.0
Barre Classes,26463.0
Dry Cleaning & Laundry,26227.0
Laundry Services,25975.0
Dog Parks,25874.0
Travel Services,25644.0
Outdoor Gear,25611.0
Baseball Fields,25589.0
Post Offices,25124.0
Social Clubs,24540.0
Hookah Bars,24462.0
Children's Clothing,24410.0
Martial Arts,24154.0
Printing Services,23576.0
Brasseries,23364.0
Chiropractors,23179.0
Lebanese,22961.0
Gift Shops,22910.0
Street Vendors,22520.0
Makeup Artists,22452.0
Brazilian,22336.0
Coffee Roasteries,22009.0
Medical Spas,21946.0
Car Rental,21424.0
Wedding Planning,21357.0
Interval Training Gyms,20749.0
Gay Bars,20551.0
Cosmetic Dentists,20476.0
Boxing,20342.0
Eyewear & Opticians,20147.0
Music & DVDs,20069.0
Butcher,19959.0
Hair Extensions,19928.0
Physical Therapy,19911.0
Tours,19863.0
Thrift Stores,19544.0
Do-It-Yourself Food,19381.0
Vape Shops,19343.0
Jazz & Blues,19177.0
Patisserie/Cake Shop,19045.0
Used,18965.0
Vintage & Consignment,18965.0
Reflexology,18378.0
Shared Office Spaces,18245.0
Modern European,18238.0
Food Court,18153.0
Optometrists,18107.0
Cardio Classes,18046.0
Pool Halls,18038.0
Szechuan,17858.0
Men's Hair Salons,17842.0
Hot Pot,17262.0
Guns & Ammo,17137.0
Live/Raw Food,17104.0
Urgent Care,16709.0
Art Supplies,16707.0
African,16694.0
Whiskey Bars,16675.0
Tattoo,16564.0
Amateur Sports Teams,16494.0
Bikes,16483.0
Smog Check Stations,16170.0
Nutritionists,15934.0
Head Shops,15926.0
Train Stations,15821.0
Professional Sports Teams,15792.0
Internet Cafes,15774.0
Smokehouse,15502.0
Vacation Rentals,15340.0
Turkish,15160.0
Cycling Classes,15143.0
Mattresses,15083.0
Dance Studios,15022.0
Malaysian,14993.0
Kids Activities,14949.0
Mortgage Brokers,14816.0
Fondue,14512.0
Auto Glass Services,14156.0
Eyebrow Services,13998.0
Baby Gear & Furniture,13998.0
Mobile Phone Repair,13990.0
Health Retreats,13835.0
Blow Dry/Out Services,13748.0
Custom Cakes,13712.0
Vitamins & Supplements,13653.0
Comedy Clubs,13643.0
Teppanyaki,13632.0
Office Equipment,13577.0
Mongolian,13451.0
Threading Services,13431.0
Pan Asian,13378.0
Videos & Video Game Rental,13269.0
Belgian,13205.0
Gun/Rifle Ranges,13196.0
Orthodontists,12955.0
Zoos,12846.0
Sewing & Alterations,12782.0
Spray Tanning,12429.0
Lingerie,12347.0
Persian/Iranian,12327.0
International Grocery,12226.0
Botanical Gardens,12181.0
Poutineries,12178.0
Electronics Repair,12175.0
Macarons,11980.0
Family Practice,11806.0
Party Supplies,11604.0
Laser Hair Removal,11457.0
Antiques,11392.0
Elementary Schools,11329.0
Windshield Installation & Repair,11203.0
Middle Schools & High Schools,11080.0
Aquariums,11037.0
Airport Terminals,11024.0
Body Shops,11003.0
Acai Bowls,10785.0
Public Markets,10709.0
Notaries,10702.0
Leather Goods,10673.0
Airport Lounges,10659.0
Cheese Shops,10605.0
Preschools,10551.0
Cuban,10403.0
Contractors,10334.0
Knitting Supplies,10306.0
Peruvian,10265.0
Portuguese,10141.0
Wheel & Rim Repair,10120.0
Cards & Stationery,10120.0
Pharmacy,10106.0
Country Dance Halls,10004.0
Comic Books,9815.0
Souvenir Shops,9796.0
Pasta Shops,9593.0
Summer Camps,9494.0
Real Estate Services,9250.0
Tennis,9059.0
Parking,8958.0
Kosher,8849.0
Piercing,8561.0
Mini Golf,8321.0
Departments of Motor Vehicles,8280.0
Diagnostic Services,8240.0
Emergency Rooms,8213.0
Tiki Bars,8191.0
Art Museums,8002.0
Acupuncture,7972.0
Climbing,7959.0
Beaches,7932.0
Piano Bars,7932.0
Permanent Makeup,7905.0
Adult,7893.0
Delicatessen,7884.0
Watches,7685.0
Skating Rinks,7640.0
Bike Rentals,7610.0
Bridal,7523.0
Property Management,7458.0
Educational Services,7455.0
Fabric Stores,7439.0
Wineries,7413.0
Pretzels,7394.0
Appliances & Repair,7291.0
Art Classes,7270.0
Community Centers,7225.0
Street Art,7188.0
Oral Surgeons,7119.0
Kickboxing,7110.0
Car Stereo Installation,7038.0
DJs,6963.0
Hunting & Fishing Supplies,6843.0
Opera & Ballet,6685.0
Sports Medicine,6666.0
Home Cleaning,6663.0
Ophthalmologists,6660.0
Supernatural Readings,6645.0
Wholesalers,6641.0
Art Schools,6633.0
Musical Instruments & Teachers,6622.0
Polish,6552.0
Coffeeshops,6550.0
Signmaking,6493.0
Lighting Fixtures & Equipment,6475.0
Pediatricians,6392.0
Eatertainment,6389.0
Venezuelan,6308.0
Motorcycle Dealers,6290.0
Champagne Bars,6261.0
Basketball Courts,6238.0
Falafel,6202.0
Race Tracks,6177.0
Beer Garden,6169.0
Self Storage,6131.0
Leisure Centers,6109.0
Tanning Beds,6106.0
Musicians,6067.0
Bed & Breakfast,6017.0
Afghan,5993.0
Airport Shuttles,5973.0
Auto Customization,5973.0
Escape Games,5971.0
Adult Education,5892.0
Bistros,5877.0
Scandinavian,5866.0
Country Clubs,5861.0
Pediatric Dentists,5858.0
Hostels,5798.0
Brewpubs,5798.0
Go Karts,5789.0
Plus Size Fashion,5768.0
Costumes,5619.0
Ethiopian,5559.0
Interior Design,5523.0
Tuscan,5481.0
Russian,5472.0
Ethical Grocery,5471.0
Towing,5450.0
Singaporean,5439.0
Swimming Lessons/Schools,5437.0
Transmission Repair,5368.0
Obstetricians & Gynecologists,5348.0
Pawn Shops,5317.0
Naturopathic/Holistic,5279.0
Video Game Stores,5260.0
Laotian,5216.0
Mass Media,5212.0
Dance Schools,5190.0
Pet Adoption,5175.0
Lakes,5128.0
Animal Shelters,5105.0
Vinyl Records,4964.0
Cosmetology Schools,4957.0
Challenge Courses,4929.0
Bike Repair/Maintenance,4921.0
Used Car Dealers,4863.0
Internal Medicine,4860.0
Tattoo Removal,4790.0
Dry Cleaning,4765.0
Popcorn Shops,4726.0
Mountain Biking,4716.0
Fishing,4711.0
Soccer,4705.0
Personal Shopping,4696.0
Landscaping,4688.0
Endodontists,4683.0
Flooring,4680.0
Gymnastics,4581.0
Market Stalls,4538.0
Television Service Providers,4484.0
Insurance,4472.0
Motorcycle Repair,4463.0
Internet Service Providers,4427.0
Scottish,4376.0
Strip Clubs,4360.0
Moroccan,4356.0
Rock Climbing,4328.0
Distilleries,4301.0
Argentine,4298.0
Diagnostic Imaging,4279.0
Henna Artists,4259.0
Colombian,4223.0
Lactation Services,4193.0
Guest Houses,4190.0
Fitness/Exercise Equipment,4167.0
Couriers & Delivery Services,4157.0
Boating,4154.0
Home Window Tinting,4152.0
Real Estate Agents,4115.0
Disc Golf,4074.0
Cooking Schools,4060.0
Cafeteria,4042.0
Trampoline Parks,4022.0
Mobile Phone Accessories,3942.0
Salvadoran,3908.0
Cosmetic Surgeons,3897.0
Dermatologists,3871.0
Formal Wear,3863.0
Yelp Events,3841.0
Cardiologists,3821.0
Laser Tag,3808.0
Water Parks,3766.0
Car Window Tinting,3750.0
Ticket Sales,3713.0
Auto Loan Providers,3709.0
Swimwear,3655.0
Photographers,3644.0
Periodontists,3624.0
Counseling & Mental Health,3621.0
Wedding Chapels,3617.0
Newspapers & Magazines,3590.0
Orthopedists,3555.0
Rugs,3509.0
Pet Boarding,3472.0
Laser Eye Surgery/Lasik,3451.0
Children's Museums,3450.0
Lawyers,3416.0
Indonesian,3389.0
Herbs & Spices,3354.0
Spin Classes,3352.0
Heating & Air Conditioning/HVAC,3305.0
Marketing,3302.0
Rafting/Kayaking,3298.0
Arabian,3282.0
Courthouses,3244.0
Graphic Design,3242.0
Tabletop Games,3164.0
Laboratory Testing,3152.0
Carpeting,3147.0
Paint & Sip,3096.0
Rehabilitation Center,3069.0
Himalayan/Nepalese,3062.0
Framing,3027.0
Flea Markets,3015.0
Cannabis Clinics,2993.0
Shoe Repair,2989.0
Skate Parks,2972.0
Magicians,2965.0
Cambodian,2934.0
Cultural Center,2930.0
Wigs,2924.0
Laundromat,2906.0
Plumbing,2808.0
Horseback Riding,2792.0
Jewelry Repair,2764.0
Mobile Dent Repair,2744.0
Civic Center,2738.0
Watch Repair,2726.0
Beverage Store,2689.0
Luggage,2689.0
Movers,2684.0
Shades & Blinds,2662.0
Izakaya,2646.0
Truck Rental,2622.0
Tasting Classes,2616.0
Farms,2608.0
Vocational & Technical School,2593.0
Security Systems,2582.0
Limos,2576.0
Cigar Bars,2572.0
Musical Instrument Services,2520.0
Translation Services,2485.0
Meditation Centers,2460.0
Reiki,2454.0
Financial Advising,2444.0
Kebab,2423.0
Team Building Activities,2421.0
Golf Equipment,2418.0
Speakeasies,2321.0
Campgrounds,2302.0
Screen Printing,2273.0
Carpet Cleaning,2266.0
Hot Tub & Pool,2206.0
Ukrainian,2201.0
Observatories,2189.0
University Housing,2185.0
Puerto Rican,2162.0
Party Equipment Rentals,2145.0
Radio Stations,2132.0
Traditional Chinese Medicine,2127.0
Data Recovery,2122.0
Flight Instruction,2114.0
Blood & Plasma Donation Centers,2113.0
Radiologists,2094.0
Funeral Services & Cemeteries,2069.0
Bingo Halls,2044.0
Allergists,2043.0
Tax Services,2039.0
Guitar Stores,2032.0
Life Coach,1991.0
Buses,1974.0
Emergency Pet Hospital,1942.0
Pain Management,1941.0
Paint Stores,1940.0
Motorcycle Gear,1894.0
Archery,1868.0
Software Development,1860.0
Nail Technicians,1858.0
Police Departments,1857.0
Taxis,1844.0
Holiday Decorations,1835.0
Shaved Snow,1833.0
Cannabis Dispensaries,1817.0
Cabaret,1810.0
Tree Services,1800.0
Shanghainese,1776.0
Print Media,1738.0
Basque,1733.0
Ethnic Grocery,1730.0
Trains,1725.0
Christmas Trees,1723.0
Maternity Wear,1710.0
Outdoor Furniture Stores,1703.0
Medical Supplies,1692.0
Golf Lessons,1672.0
Web Design,1668.0
Water Stores,1662.0
Telecommunications,1652.0
Driving Schools,1646.0
Cooking Classes,1645.0
Retirement Homes,1643.0
Keys & Locksmiths,1637.0
Uniforms,1622.0
Condominiums,1604.0
Session Photography,1585.0
Used Bookstore,1570.0
Massage Schools,1562.0
Drive-In Theater,1556.0
Brazilian Jiu-jitsu,1530.0
Day Camps,1510.0
Propane,1509.0
Windows Installation,1505.0
Personal Injury Law,1503.0
Podiatrists,1503.0
Empanadas,1500.0
Event Photography,1499.0
International,1484.0
Accountants,1475.0
Ear Nose & Throat,1454.0
Garage Door Services,1440.0
Television Stations,1434.0
Coffee & Tea Supplies,1429.0
Tutoring Centers,1401.0
Check Cashing/Pay-day Loans,1393.0
Bespoke Clothing,1387.0
Teeth Whitening,1369.0
Wine Tasting Room,1355.0
Surgeons,1347.0
Employment Agencies,1341.0
Special Education,1336.0
Guamanian,1309.0
Gold Buyers,1292.0
Swabian,1286.0
Circuit Training Gyms,1255.0
Public Art,1254.0
Beer Tours,1252.0
Video/Film Production,1248.0
Occupational Therapy,1237.0
Home Health Care,1236.0
Dinner Theater,1225.0
Self-defense Classes,1225.0
Racing Experience,1215.0
Auto Insurance,1213.0
Advertising,1209.0
Taekwondo,1159.0
Dog Walkers,1152.0
Boat Charters,1122.0
Paint-Your-Own Pottery,1120.0
Pool & Hot Tub Service,1093.0
Livestock Feed & Supply,1087.0
Junk Removal & Hauling,1084.0
Buddhist Temples,1081.0
Gardeners,1080.0
Haunted Houses,1079.0
Karate,1073.0
Oncologist,1072.0
Pick Your Own Farms,1070.0
Pool Cleaners,1069.0
Electricians,1068.0
Criminal Defense Law,1066.0
Commercial Real Estate,1066.0
Recording & Rehearsal Studios,1050.0
RV Parks,1043.0
Embroidery & Crochet,1037.0
Utilities,1032.0
Marinas,1032.0
Skate Shops,1027.0
Glass & Mirrors,1026.0
Recycling Center,980.0
Screen Printing/T-Shirt Printing,971.0
Austrian,969.0
Neurologist,964.0
Vehicle Wraps,951.0
Mailbox Centers,950.0
Home & Rental Insurance,940.0
Ski Resorts,939.0
Golf Equipment Shops,938.0
Personal Chefs,936.0
Hats,928.0
Painters,922.0
Sugaring,911.0
Mortgage Lenders,903.0
Furniture Reupholstery,899.0
Landscape Architects,897.0
Customized Merchandise,889.0
RV Dealers,888.0
Races & Competitions,864.0
Carpet Installation,858.0
RV Repair,843.0
Aquarium Services,842.0
Religious Schools,841.0
Pest Control,839.0
Architects,837.0
Speech Therapists,835.0
Car Buyers,834.0
Burmese,823.0
RV Rental,819.0
Aerial Fitness,811.0
Damage Restoration,810.0
Bangladeshi,807.0
Water Heater Installation/Repair,804.0
Local Fish Stores,799.0
Hungarian,792.0
IV Hydration,788.0
Hakka,786.0
Pole Dancing Classes,783.0
Firearm Training,776.0
Brewing Supplies,776.0
Roadside Assistance,775.0
Handyman,764.0
Tiling,751.0
Private Tutors,743.0
Bankruptcy Law,741.0
Visitor Centers,736.0
Battery Stores,736.0
Water Purification Services,736.0
Divorce & Family Law,732.0
South African,720.0
Japanese Curry,711.0
Office Cleaning,707.0
Investing,703.0
Australian,688.0
DUI Law,681.0
Spiritual Shop,681.0
Dominican,681.0
Home Automation,672.0
Registration Services,670.0
Plastic Surgeons,670.0
Bartenders,666.0
Masonry/Concrete,664.0
Midwives,663.0
Donairs,661.0
Packing Supplies,655.0
Test Preparation,652.0
Home Theatre Installation,652.0
CSA,648.0
Legal Services,644.0
Food Banks,639.0
Architectural Tours,628.0
Paintball,616.0
Hotel bar,612.0
Foundation Repair,611.0
Batting Cages,610.0
Fertility,602.0
Door Sales/Installation,600.0
Floral Designers,596.0
Business Financing,589.0
Diving,583.0
Club Crawl,583.0
Horse Racing,575.0
Air Duct Cleaning,571.0
Party Bus Rentals,569.0
Egyptian,566.0
Cabinetry,566.0
Float Spa,558.0
Skydiving,558.0
Pop-up Shops,558.0
Tubing,555.0
Paddleboarding,550.0
Ziplining,546.0
Auto Electric Services,545.0
Historical Tours,540.0
Assisted Living Facilities,538.0
Cideries,537.0
Badminton,536.0
Scuba Diving,528.0
Home Organization,527.0
Irrigation,525.0
Life Insurance,523.0
Boat Repair,522.0
Shredding Services,509.0
Sri Lankan,506.0
Auction Houses,505.0
Udon,503.0
Walk-in Clinics,500.0
Clothing Rental,499.0
Osteopathic Physicians,499.0
Endocrinologists,498.0
Security Services,497.0
Appraisal Services,492.0
Czech,489.0
Career Counseling,487.0
Armenian,479.0
Backshop,479.0
Spine Surgeons,478.0
Hearing Aid Providers,477.0
Ski & Snowboard Shops,472.0
Hair Loss Centers,470.0
Anesthesiologists,470.0
ATV Rentals/Tours,470.0
Hot Air Balloons,466.0
Audiologist,459.0
Art Tours,451.0
Window Washing,450.0
Urologists,450.0
Prenatal/Perinatal Care,447.0
Motorcycle Rental,444.0
CPR Classes,442.0
Olive Oil,442.0
Orthotics,441.0
Oxygen Bars,439.0
Body Contouring,438.0
Commercial Truck Repair,436.0
Bavarian,436.0
Hydrotherapy,427.0
Hospice,426.0
Business Consulting,422.0
College Counseling,416.0
Cheese Tasting Classes,415.0
Solar Installation,412.0
Restaurant Supplies,406.0
Synagogues,406.0
Saunas,406.0
Wine Tours,400.0
Teacher Supplies,395.0
Muay Thai,391.0
Car Share Services,390.0
Rest Stops,387.0
Pool & Billiards,387.0
Skilled Nursing,379.0
Metal Fabricators,375.0
Officiants,375.0
Cremation Services,368.0
Psychics,367.0
Videographers,359.0
Tai Chi,356.0
Real Estate Law,355.0
Home Inspectors,353.0
Insulation Installation,352.0
Food Tours,350.0
Mortuary Services,348.0
Supper Clubs,344.0
Grilling Equipment,342.0
Pulmonologist,342.0
Pub Food,339.0
Dance Wear,333.0
Acne Treatment,332.0
General Litigation,326.0
Language Schools,324.0
Boat Dealers,320.0
Shoe Shine,319.0
Payroll Services,319.0
Home Network Installation,318.0
Estate Planning Law,314.0
Fingerprinting,313.0
Chinese Martial Arts,313.0
Knife Sharpening,312.0
Striptease Dancers,307.0
Pop-Up Restaurants,304.0
Pumpkin Patches,298.0
Bus Tours,298.0
Water Delivery,294.0
Private Investigation,292.0
Candle Stores,290.0
Honduran,290.0
Hong Kong Style Cafe,278.0
Installment Loans,276.0
Gastroenterologist,272.0
Refinishing Services,272.0
Engraving,272.0
Home Energy Auditors,270.0
Pet Cremation Services,267.0
Roofing,265.0
Title Loans,264.0
Cryotherapy,264.0
Walking Tours,264.0
First Aid Classes,263.0
Surfing,261.0
Psychiatrists,260.0
Currency Exchange,259.0
Photo Booth Rentals,258.0
Sleep Specialists,258.0
Travel Agents,257.0
Doulas,257.0
Donation Center,253.0
Trailer Rental,253.0
Senior Centers,250.0
Petting Zoos,249.0
Themed Cafes,245.0
Hypnosis/Hypnotherapy,242.0
Car Auctions,235.0
Horse Equipment Shops,232.0
Golf Cart Rentals,230.0
Nicaraguan,230.0
Immunodermatologists,226.0
Piano Services,224.0
Planetarium,221.0
Auto Security,219.0
Wine Tasting Classes,219.0
Surf Shop,218.0
Montessori Schools,216.0
Bookkeepers,214.0
Horse Boarding,212.0
Colonics,211.0
Squash,210.0
Shutters,210.0
Pressure Washers,209.0
Valet Services,208.0
Public Relations,208.0
Trinidadian,205.0
Septic Services,204.0
Packing Services,203.0
Furniture Repair,201.0
Town Hall,200.0
Bar Crawl,200.0
Metro Stations,200.0
Virtual Reality Centers,198.0
Traffic Ticketing Law,195.0
Commercial Truck Dealers,195.0
Fences & Gates,194.0
Talent Agencies,193.0
Bird Shops,191.0
Home Staging,191.0
Emergency Medicine,190.0
Castles,187.0
Nanny Services,180.0
Prosthodontists,178.0
Religious Items,177.0
Firewood,173.0
Pet Breeders,172.0
Caricatures,172.0
Dive Shops,169.0
Trophy Shops,168.0
Countertop Installation,168.0
Tableware,167.0
Bike Shop,166.0
Bicycles,166.0
TV Mounting,164.0
Furniture Assembly,161.0
Eastern European,159.0
Syrian,159.0
Health Insurance Offices,159.0
Workers Compensation Law,158.0
Duty-Free Shops,158.0
Drive-Thru Bars,155.0
Pet Hospice,154.0
Beer Hall,154.0
Art Space Rentals,154.0
Pita,152.0
Employment Law,152.0
High Fidelity Audio Equipment,150.0
Pet Transportation,149.0
Furniture Rental,149.0
Passport & Visa Services,149.0
Flowers,148.0
Auto Upholstery,148.0
Haitian,148.0
Embassy,144.0
Dental Hygienists,144.0
Commissioned Artists,143.0
Retina Specialists,142.0
Car Inspectors,140.0
Uzbek,139.0
Dietitians,138.0
Medical Cannabis Referrals,137.0
Farming Equipment,137.0
Business Law,136.0
Machine & Tool Rental,131.0
Aircraft Repairs,131.0
Aerial Tours,130.0
Attraction Farms,130.0
Vascular Medicine,127.0
Christmas Markets,127.0
Homeless Shelters,127.0
Concierge Medicine,127.0
Boudoir Photography,126.0
Trailer Repair,126.0
Fireworks,126.0
Private Jet Charter,125.0
Herbal Shops,125.0
General Festivals,125.0
Rolfing,125.0
Motorsport Vehicle Dealers,125.0
Holistic Animal Care,124.0
Fireplace Services,124.0
Prosthetics,123.0
Safe Stores,120.0
Psychologists,119.0
Junkyards,118.0
Curry Sausage,117.0
Sugar Shacks,116.0
Aircraft Dealers,116.0
Kombucha,116.0
Bail Bondsmen,116.0
Iberian,116.0
Homeowner Association,115.0
Solar Panel Cleaning,114.0
Vacation Rental Agents,112.0
LAN Centers,110.0
Health Coach,109.0
Personal Assistants,109.0
Medical Transportation,108.0
Artificial Turf,108.0
Military Surplus,107.0
Grout Services,107.0
Indoor Playcentre,107.0
Childbirth Education,106.0
Hydro-jetting,106.0
Adoption Services,105.0
Airsoft,104.0
Wills,104.0
Trusts,104.0
& Probates,104.0
Audio/Visual Equipment Rental,103.0
Drywall Installation & Repair,102.0
Perfume,101.0
Soba,99.0
Island Pub,97.0
Hindu Temples,97.0
Makerspaces,96.0
Rheumatologists,94.0
Sports Psychologists,91.0
Halotherapy,90.0
Cannabis Tours,90.0
Public Plazas,89.0
Cannabis Collective,89.0
Immigration Law,87.0
Party Bike Rentals,87.0
Face Painting,85.0
Ice Delivery,84.0
Farm Equipment Repair,83.0
Traffic Schools,83.0
Community Gardens,82.0
Jet Skis,82.0
Pet Insurance,82.0
Sailing,81.0
Rotisserie Chicken,81.0
Powder Coating,80.0
Customs Brokers,79.0
Bike Repair,78.0
Art Restoration,77.0
Kitchen Incubators,74.0
Product Design,74.0
Motorsport Vehicle Repairs,73.0
Feng Shui,73.0
Parenting Classes,72.0
Bartending Schools,72.0
Lawn Services,72.0
Piano Stores,71.0
Conveyor Belt Sushi,70.0
Swiss Food,70.0
Reunion,69.0
Placenta Encapsulations,68.0
Fun Fair,68.0
Reptile Shops,67.0
Estate Liquidation,66.0
Game Truck Rental,65.0
Honey,65.0
Fire Protection Services,65.0
Carpenters,64.0
Wildlife Control,63.0
Sicilian,63.0
Boat Tours,63.0
Municipality,62.0
Music Production Services,62.0
Sledding,60.0
Addiction Medicine,60.0
Gunsmith,60.0
Unofficial Yelp Events,60.0
Debt Relief Services,59.0
Preventive Medicine,58.0
Patio Coverings,58.0
Nurse Practitioner,57.0
Mosques,56.0
Bike Parking,56.0
Trailer Dealers,55.0
Awnings,54.0
Clock Repair,54.0
Gutter Services,53.0
Animal Physical Therapy,53.0
Real Estate Photography,52.0
Mediators,52.0
Waldorf Schools,52.0
Siding,48.0
Pet Photography,46.0
Taxidermy,45.0
Wallpapering,45.0
Bulgarian,45.0
Gerontologists,45.0
Free Diving,44.0
Friterie,43.0
Social Security Law,42.0
Scavenger Hunts,41.0
Pathologists,41.0
Mobility Equipment Sales & Services,40.0
Party Characters,38.0
Game Meat,38.0
Editorial Services,38.0
Concept Shops,38.0
Decks & Railing,38.0
Tax Law,37.0
Vehicle Shipping,37.0
Lice Services,36.0
Clowns,36.0
Town Car Service,35.0
Ranches,35.0
Scooter Rentals,35.0
Bike Sharing,34.0
Milkshake Bars,33.0
Tui Na,32.0
Fire Departments,32.0
Tempura,32.0
Tonkatsu,32.0
Snow Removal,32.0
Hydroponics,31.0
Personal Care Services,31.0
Fur Clothing,31.0
Qi Gong,30.0
Contract Law,29.0
Glass Blowing,29.0
Sex Therapists,29.0
Slovakian,28.0
Veterans Organizations,27.0
Beach Bars,27.0
Czech/Slovakian,27.0
Serbo Croatian,26.0
Hainan,26.0
Habilitative Services,25.0
Pensions,25.0
Stucco Services,24.0
Flatbread,24.0
Alternative Medicine,24.0
Neurotologists,24.0
Holiday Decorating Services,24.0
Mobile Home Parks,24.0
House Sitters,24.0
Process Servers,24.0
3D Printing,23.0
Private Schools,23.0
Toxicologists,22.0
Oriental,22.0
Digitizing Services,21.0
Chimney Sweeps,21.0
Balloon Services,20.0
Nursing Schools,20.0
Ayurveda,20.0
Ski Schools,20.0
Public Adjusters,20.0
Neuropathologists,19.0
Carpet Dyeing,19.0
Cable Cars,18.0
Demolition Services,17.0
Pedicabs,17.0
Palatine,17.0
Psychic Mediums,17.0
Dialysis Clinics,17.0
Choirs,16.0
Scooter Tours,16.0
Bounce House Rentals,16.0
Beach Equipment Rentals,16.0
Medical Law,16.0
Roof Inspectors,15.0
Fischbroetchen,15.0
EV Charging Stations,14.0
Photography Classes,14.0
Hepatologists,14.0
Carousels,14.0
DIY Auto Shop,14.0
Backflow Services,13.0
Hang Gliding,13.0
Cheerleading,13.0
Mauritius,13.0
Fishmonger,12.0
Rodeo,12.0
Fencing Clubs,12.0
Proctologists,12.0
Dumpster Rental,12.0
Matchmakers,12.0
Nephrologists,12.0
Flyboarding,12.0
Traditional Clothing,12.0
Hearing Aids,12.0
Mobile Home Dealers,12.0
Tenant and Eviction Law,11.0
Skiing,10.0
Baguettes,10.0
Tickets,10.0
Mystics,10.0
Infectious Disease Specialists,10.0
Indoor Landscaping,10.0
Registry Office,10.0
Outdoor Movies,10.0
Hybrid Car Repair,10.0
Phlebologists,10.0
Sandblasting,9.0
Car Brokers,9.0
Environmental Abatement,9.0
Snorkeling,8.0
Astrologers,7.0
Bookbinding,7.0
Generator Installation/Repair,6.0
Waterproofing,6.0
Golf Cart Dealers,6.0
Osteopaths,6.0
Surf Schools,6.0
Machine Shops,5.0
Wok,5.0
Bike tours,5.0
Otologists,5.0
Childproofing,4.0
Bus Rental,4.0
Behavior Analysts,4.0
Fuel Docks,4.0
Bubble Soccer,4.0
Elder Care Planning,4.0
Parent Cafes,4.0
Minho,3.0
Churros,3.0
Senegalese,3.0
Animal Assisted Therapy,3.0
Agriturismi,2.0
Traditional Norwegian,2.0
Home Developers,2.0
Environmental Testing,2.0
Misting System Services,2.0
Mulled Wine,2.0
Land Surveying,2.0
Georgian,2.0
Linens,1.0
Duplication Services,1.0
Beach Volleyball,1.0
Schnitzel,1.0
Erotic Massage,1.0
Baden,1.0
Ceremonial Clothing,1.0
Trivia Hosts,1.0
Medical Foot Care,1.0
Hazardous Waste Disposal,1.0
Undersea/Hyperbaric Medicine,1.0
Patent Law,1.0
Halfway Houses,0.0
Signature Cuisine,0.0
Entertainment Law,0.0
Mobile Home Repair,0.0
Crane Services,0.0
Disability Law,0.0
Calligraphy,0.0
Well Drilling,0.0
Eastern German,0.0
Alsatian,0.0
Luggage Storage,0.0
IP & Internet Law,0.0
Playsets,0.0
Excavation Services,0.0
Structural Engineers,0.0
DUI Schools,0.0
Storefront Clinics,0.0
Interlock Systems,0.0
Kiosk,0.0
